"1","A1","12-Jan-04","331844.01"
"2","A1","3-Jan-04","441139.81"
"4","A1","25-Jan-04","90636.97"
"6","A1","23-Feb-05","357678.51"
"7","A1","1-Feb-05","280990.71"
"8","A8","5-Feb-04","117697.05"
"10","A10","16-Feb-05","407418.81"
"11","A11","23-Feb-05","243698.72"
"12","A12","3-Feb-05","227656.57"
"13","A13","4-Feb-06","106283.13"
"14","A14","25-Mar-06","96146.72"
"17","A17","19-Mar-04","81234.98"
"19","A19","4-Apr-05","145772.91"
"20","A20","30-Apr-06","102397.92"
"21","A21","25-Apr-04","460016.70"
"22","A22","19-Apr-06","404304.95"
"24","A24","27-Apr-05","466260.67"
"25","A25","5-May-04","95647.21"
"26","A26","6-May-06","239200.13"
"27","A27","7-May-05","385039.88"
"28","A28","8-May-06","366873.64"
"29","A29","9-May-05","58900.84"
"30","A30","10-May-06","91244.24"
"31","A31","11-Jul-06","263967.75"
"32","A32","12-Aug-05","411427.21"
"33","A33","13-Sep-04","331595.30"
"34","A34","20-Nov-05","90559.83"
"36","A36","22-Nov-05","340590.86"
"37","A37","23-Nov-04","96556.25"
"38","A38","24-May-05","347182.07"
"39","A39","25-May-05","163175.36"
"40","A40","26-May-05","72623.86"
"41","A41","27-May-05","277409.60"
"42","A42","28-May-05","98456.53"
"43","A43","29-May-05","146564.76"
"44","A44","30-May-05","288996.35"
"45","A45","31-May-05","293688.24"
"46","A46","1-Jun-05","301199.27"
"47","A47","2-Jun-05","377938.48"
"48","A48","3-Jun-05","228150.43"
"49","A49","3-Jul-05","339510.75"
"50","A50","3-Aug-05","201700.36"
"51","A51","3-Sep-05","102976.60"
"52","A52","3-Oct-05","181406.01"
"53","A53","3-Nov-05","476902.87"
"54","A54","3-Dec-05","125570.25"
"55","A55","3-Jan-06","54746.57"
"56","A56","3-Feb-06","347726.45"
"57","A57","3-Mar-06","312146.47"
"58","A58","3-Apr-06","341489.29"
"60","A60","3-Jun-06","312845.11"
"61","A61","3-Jul-06","110103.67"
"62","A60","3-Aug-06","396683.90"
"63","A61","3-Sep-06","98417.29"
"64","A62","3-Oct-06","368109.78"
"66","A64","3-Dec-06","355797.59"
"67","A65","12-Jan-04","204573.15"
"68","A66","3-Jan-04","464913.32"
"70","A68","25-Jan-04","328774.01"
"71","A69","17-Jan-05","377100.99"
"72","A70","23-Feb-05","450773.33"
"73","A71","1-Feb-05","74698.57"
"75","A73","28-Feb-05","263964.02"
"76","A74","16-Feb-05","465913.81"
"77","A75","23-Feb-05","373215.94"
"78","A76","3-Feb-05","443981.92"
"79","A77","4-Feb-06","246889.88"
"80","A78","25-Mar-06","117170.00"
"81","A79","31-Mar-06","497836.72"
"82","A80","23-Mar-06","444153.04"
"83","A81","24-Mar-06","339353.45"
"84","A82","25-Mar-06","443599.67"
"85","A83","26-Mar-06","342049.63"
"86","A84","27-Mar-06","484932.07"
"87","A85","28-Mar-06","413987.89"
"88","A86","29-Mar-06","340688.47"
"90","A88","31-Mar-06","212433.99"
"93","A91","3-Apr-06","380555.12"
"94","A92","4-Apr-06","416945.62"
"95","A93","12-Jan-04","74576.49"
"96","A94","3-Jan-04","136101.63"
"97","A95","15-Jan-04","75109.49"
"98","A96","25-Jan-04","110139.01"
"99","A97","12-Jan-04","174606.39"
"100","A98","3-Jan-04","97802.60"
"101","A99","15-Jan-04","358589.92"
"102","A100","25-Jan-04","151141.39"
"103","A1","12-Jan-04","390074.79"
"104","A2","3-Jan-04","370300.17"
"106","A4","25-Jan-04","107590.81"
"107","A5","12-Jan-04","411933.71"
"108","A6","3-Jan-04","497144.98"
"109","A7","15-Jan-04","398909.85"
"110","A8","12-Jan-04","339052.53"
"111","A9","3-Jan-04","179154.58"
"112","A10","15-Jan-04","442636.51"
"113","A11","25-Jan-04","383289.07"
"115","A13","23-Feb-05","248366.59"
"116","A14","1-Feb-05","261483.75"
"117","A1","5-Feb-04","191180.01"
"118","A2","28-Feb-05","236379.37"
"120","A4","23-Feb-05","342562.72"
"121","A5","3-Feb-05","472368.80"
"122","A6","4-Feb-06","346935.17"
"123","A7","25-Mar-06","85760.18"
"124","A8","31-Mar-06","307768.27"
"125","A9","23-Mar-06","411958.07"
"126","A10","19-Mar-04","266929.38"
"128","A12","4-Apr-05","328164.55"
"129","A13","30-Apr-06","395044.29"
"131","A1","19-Apr-06","201381.01"
"132","A2","6-Apr-04","465023.05"
"133","A3","27-Apr-05","206197.11"
"134","A4","5-May-04","232258.58"
"135","A5","6-May-06","169470.26"
"136","A6","7-May-05","456269.81"
"137","A7","8-May-06","301369.64"
"138","A8","9-May-05","304499.04"
"139","A9","10-May-06","146457.99"
"140","A10","11-Jul-06","427415.08"
"141","A11","12-Aug-05","127001.61"
"142","A12","13-Sep-04","258170.49"
"143","A13","20-Nov-05","175025.84"
"144","A14","21-Nov-06","361238.15"
"145","A1","22-Nov-05","278486.42"
"146","A2","23-Nov-04","102881.23"
"147","A3","24-May-05","195372.06"
"149","A5","5-May-04","437597.28"
"150","A6","6-May-06","324653.76"
"151","A7","7-May-05","146635.29"
"152","A8","8-May-06","80652.48"
"153","A9","9-May-05","261194.84"
"154","A10","10-May-06","298502.78"
"155","A11","11-Jul-06","54897.91"
"156","A12","12-Aug-05","378564.03"
"157","A13","13-Sep-04","421263.92"
"158","A14","20-Nov-05","442218.80"
"160","A2","22-Nov-05","489679.37"
"161","A3","23-Nov-04","67503.62"
"162","A4","24-May-05","82410.78"
"163","A5","25-May-05","86059.57"
"164","A6","26-May-05","477556.70"
"165","A7","27-May-05","493282.77"
"166","A8","28-May-05","203737.92"
"167","A9","29-May-05","363644.35"
"168","A10","30-May-05","231924.80"
"169","A11","31-May-05","320686.90"
"170","A12","1-Jun-05","447792.82"
"171","A13","2-Jun-05","220353.04"
"172","A14","3-Jun-05","76801.18"
"173","A1","3-Jul-05","300581.70"
"174","A2","3-Aug-05","323308.54"
"175","A3","3-Sep-05","283969.06"
"176","A4","3-Oct-05","397034.59"
"177","A5","3-Nov-05","258609.68"
"178","A6","3-Dec-05","484897.06"
"179","A7","3-Jan-06","454917.01"
"180","A8","3-Feb-06","148411.56"
"181","A9","3-Mar-06","264430.17"
"182","A10","3-Apr-06","384460.19"
"183","A11","3-May-06","398856.02"
"184","A12","3-Jun-06","451548.90"
"185","A13","3-Jul-06","187077.47"
"187","A1","3-Sep-06","108320.12"
"188","A2","3-Oct-06","414752.81"
"189","A3","3-Nov-06","329095.56"
"190","A4","3-Dec-06","196563.76"
"191","A5","12-Jan-04","429161.16"
"192","A6","3-Jan-04","50982.88"
"193","A7","15-Jan-04","485964.93"
"194","A8","25-Jan-04","138661.90"
"195","A9","17-Jan-05","401535.77"
"196","A10","23-Feb-05","425012.15"
"197","A11","1-Feb-05","369978.42"
"198","A12","5-Feb-04","243130.40"
"199","A13","28-Feb-05","388606.39"
"200","A14","16-Feb-05","195535.42"
"201","A1","23-Feb-05","315077.29"
"202","A2","3-Feb-05","183548.17"
"203","A3","4-Feb-06","114248.47"
"204","A4","25-Mar-06","181662.30"
"205","A5","31-Mar-06","365007.50"
"206","A6","23-Mar-06","389251.10"
"207","A7","24-Mar-06","56727.67"
"208","A8","25-Mar-06","152582.87"
"209","A9","26-Mar-06","216841.80"
"211","A11","28-Mar-06","159560.67"
"212","A12","29-Mar-06","303711.80"
"213","A13","30-Mar-06","187543.32"
"215","A1","1-Apr-06","169892.26"
"216","A2","2-Apr-06","346376.74"
"217","A3","3-Apr-06","315238.81"
"218","A4","4-Apr-06","493715.41"
"219","A5","12-Jan-04","266735.76"
"220","A6","3-Jan-04","410440.71"
"221","A7","15-Jan-04","202182.89"
"222","A8","25-Jan-04","138857.45"
"224","A10","3-Jan-04","416029.32"
"225","A11","15-Jan-04","382565.23"
"227","A13","12-Jan-04","57824.03"
"228","A14","3-Jan-04","211417.23"
"229","A1","15-Jan-04","76599.66"
"230","A2","25-Jan-04","293779.19"
"231","A3","12-Jan-04","90671.33"
"232","A4","3-Jan-04","142340.76"
"233","A5","15-Jan-04","265219.68"
"234","A6","12-Jan-04","161197.55"
"235","A7","3-Jan-04","394259.49"
"236","A8","15-Jan-04","231804.53"
"237","A9","25-Jan-04","267273.48"
"238","A10","17-Jan-05","446068.33"
"239","A11","23-Feb-05","269376.81"
"240","A12","1-Feb-05","450018.51"
"241","A13","5-Feb-04","132568.39"
"242","A14","28-Feb-05","427175.28"
"243","A1","16-Feb-05","246061.12"
"244","A2","23-Feb-05","427223.52"
"245","A3","3-Feb-05","398994.84"
"246","A4","4-Feb-06","306925.53"
"247","A5","25-Mar-06","211171.10"
"248","A6","31-Mar-06","123887.19"
"250","A8","19-Mar-04","153081.19"
"251","A9","5-Mar-06","380665.34"
"252","A10","4-Apr-05","279491.61"
"253","A11","30-Apr-06","258507.96"
"254","A12","25-Apr-04","397648.56"
"255","A13","19-Apr-06","301820.75"
"256","A14","6-Apr-04","103535.15"
"257","A5","27-Apr-05","378853.73"
"258","A6","5-May-04","140288.42"
"259","A7","6-May-06","376502.41"
"260","A8","7-May-05","451103.45"
"262","A10","9-May-05","437786.68"
"264","A12","11-Jul-06","191782.81"
"265","A13","12-Aug-05","451930.45"
"266","A14","5-May-04","345625.05"
"267","A15","6-May-06","133920.33"
"269","A17","8-May-06","156265.27"
"270","A18","9-May-05","415057.50"
"271","A19","10-May-06","128725.82"
"272","A20","11-Jul-06","163510.75"
"273","A21","12-Aug-05","97593.87"
"274","A22","13-Sep-04","372525.53"
"275","A5","20-Nov-05","270974.15"
"276","A6","21-Nov-06","447803.70"
"278","A8","23-Nov-04","138918.60"
"280","A10","25-May-05","225984.69"
"281","A11","26-May-05","353747.58"
"282","A12","27-May-05","402381.83"
"283","A13","28-May-05","426100.85"
"284","A14","29-May-05","321027.96"
"285","A15","30-May-05","177717.22"
"286","A16","31-May-05","119941.08"
"287","A17","1-Jun-05","311958.11"
"288","A18","2-Jun-05","205230.88"
"289","A19","3-Jun-05","106706.01"
"291","A21","3-Aug-05","292793.69"
"292","A22","3-Sep-05","161525.23"
"293","A5","3-Oct-05","278963.64"
"295","A7","3-Dec-05","171181.75"
"296","A8","3-Jan-06","318311.38"
"297","A9","3-Feb-06","478684.20"
"298","A10","3-Mar-06","106458.10"
"299","A11","3-Apr-06","413031.36"
"300","A12","3-May-06","78278.12"
"301","A13","3-Jun-06","301881.84"
"302","A14","3-Jul-06","110088.19"
"303","A15","3-Aug-06","399543.76"
"304","A16","3-Sep-06","270022.66"
"305","A17","3-Oct-06","316781.38"
"306","A18","3-Nov-06","448065.36"
"307","A19","3-Dec-06","283448.72"
"308","A20","12-Jan-04","323847.33"
"309","A21","3-Jan-04","68929.59"
"310","A22","15-Jan-04","488713.12"
"311","A5","25-Jan-04","291289.86"
"312","A6","17-Jan-05","387305.99"
"313","A7","23-Feb-05","351308.82"
"314","A8","1-Feb-05","481609.51"
"315","A9","5-Feb-04","384894.32"
"316","A10","28-Feb-05","77711.34"
"317","A11","16-Feb-05","222984.14"
"318","A12","23-Feb-05","127221.28"
"319","A13","3-Feb-05","363666.42"
"320","A14","4-Feb-06","291397.61"
"321","A15","25-Mar-06","362261.23"
"322","A16","31-Mar-06","103566.58"
"323","A17","23-Mar-06","254878.26"
"324","A18","24-Mar-06","482946.68"
"325","A19","25-Mar-06","140223.90"
"326","A20","26-Mar-06","379612.48"
"327","A21","27-Mar-06","247506.50"
"328","A22","28-Mar-06","369684.31"
"329","A5","29-Mar-06","394072.47"
"332","A8","1-Apr-06","126099.42"
"333","A9","2-Apr-06","250393.19"
"335","A11","4-Apr-06","463465.96"
"337","A13","3-Jan-04","231354.42"
"338","A14","15-Jan-04","95782.31"
"339","A15","25-Jan-04","458809.10"
"340","A16","12-Jan-04","145837.38"
"341","A17","3-Jan-04","230963.91"
"342","A18","15-Jan-04","494635.71"
"343","A19","25-Jan-04","305448.67"
"344","A20","12-Jan-04","143408.71"
"347","A5","25-Jan-04","137698.54"
"348","A6","12-Jan-04","212280.31"
"349","A7","3-Jan-04","165274.43"
"350","A8","15-Jan-04","458870.86"
"351","A9","12-Jan-04","334885.39"
"352","A10","3-Jan-04","291331.26"
"353","A11","15-Jan-04","286532.01"
"354","A12","25-Jan-04","58345.12"
"355","A13","17-Jan-05","192122.86"
"356","A14","23-Feb-05","379742.11"
"357","A15","1-Feb-05","222574.56"
"359","A17","28-Feb-05","204543.42"
"360","A18","16-Feb-05","397999.66"
"361","A19","23-Feb-05","232774.64"
"362","A20","3-Feb-05","156044.68"
"363","A21","4-Feb-06","168872.78"
"364","A22","25-Mar-06","56836.58"
"365","A12","31-Mar-06","104026.94"
"366","A13","23-Mar-06","432182.92"
"367","A14","19-Mar-04","309081.96"
"368","A15","5-Mar-06","252226.72"
"369","A16","4-Apr-05","381663.82"
"371","A18","25-Apr-04","397962.74"
"372","A19","19-Apr-06","238146.39"
"373","A20","6-Apr-04","290279.56"
"374","A21","27-Apr-05","149638.59"
"375","A22","5-May-04","400619.72"
"376","A23","6-May-06","485455.18"
"379","A26","9-May-05","468185.89"
"380","A27","10-May-06","86546.30"
"381","A28","11-Jul-06","289563.21"
"382","A29","12-Aug-05","453843.06"
"383","A30","5-May-04","177962.41"
"384","A12","6-May-06","340346.39"
"385","A13","7-May-05","412542.67"
"386","A14","8-May-06","446465.92"
"388","A16","10-May-06","180308.76"
"389","A17","11-Jul-06","466381.38"
"390","A18","12-Aug-05","158055.15"
"391","A19","13-Sep-04","360514.82"
"392","A20","20-Nov-05","329070.39"
"393","A21","21-Nov-06","406325.92"
"394","A22","22-Nov-05","68275.80"
"395","A23","23-Nov-04","460739.99"
"397","A25","25-May-05","280894.39"
"398","A26","26-May-05","412279.92"
"399","A27","27-May-05","398282.13"
"400","A28","28-May-05","387321.87"
"401","A29","29-May-05","114007.36"
"402","A30","30-May-05","260717.86"
"403","A12","31-May-05","339566.07"
"404","A13","1-Jun-05","77384.62"
"405","A14","2-Jun-05","139576.09"
"406","A15","3-Jun-05","53685.20"
"407","A16","3-Jul-05","146332.28"
"408","A17","3-Aug-05","67893.58"
"409","A18","3-Sep-05","462327.94"
"410","A19","3-Oct-05","488863.03"
"411","A20","3-Nov-05","458334.56"
"413","A22","3-Jan-06","295479.40"
"415","A24","3-Mar-06","91097.93"
"416","A25","3-Apr-06","116525.89"
"417","A26","3-May-06","143362.09"
"418","A27","3-Jun-06","109197.07"
"419","A28","3-Jul-06","299567.76"
"420","A29","3-Aug-06","276439.16"
"421","A30","3-Sep-06","232136.19"
"422","A12","3-Oct-06","439421.57"
"423","A13","3-Nov-06","262888.66"
"424","A14","3-Dec-06","218088.97"
"425","A15","12-Jan-04","279811.23"
"426","A16","3-Jan-04","54435.21"
"428","A18","25-Jan-04","213694.30"
"429","A19","17-Jan-05","395204.20"
"430","A20","23-Feb-05","194329.51"
"433","A23","28-Feb-05","346993.63"
"434","A24","16-Feb-05","106098.78"
"436","A26","3-Feb-05","498972.68"
"437","A27","4-Feb-06","378264.88"
"438","A28","25-Mar-06","67334.59"
"439","A29","31-Mar-06","494204.28"
"440","A30","23-Mar-06","164286.55"
"441","A12","24-Mar-06","245438.59"
"442","A13","25-Mar-06","255812.17"
"443","A14","26-Mar-06","471053.04"
"445","A16","28-Mar-06","415556.05"
"446","A17","29-Mar-06","323934.49"
"447","A18","30-Mar-06","109900.97"
"448","A19","31-Mar-06","411692.78"
"449","A20","1-Apr-06","150343.28"
"451","A22","3-Apr-06","403271.76"
"452","A23","4-Apr-06","168520.12"
"453","A24","12-Jan-04","96191.97"
"454","A25","3-Jan-04","352476.27"
"455","A26","15-Jan-04","170815.83"
"456","A27","25-Jan-04","190770.35"
"457","A28","12-Jan-04","54502.27"
"458","A29","3-Jan-04","100528.17"
"459","A30","15-Jan-04","56968.18"
"460","A12","25-Jan-04","214084.15"
"462","A14","3-Jan-04","352072.99"
"463","A15","15-Jan-04","134419.32"
"464","A16","25-Jan-04","224910.70"
"465","A17","12-Jan-04","400391.78"
"466","A18","3-Jan-04","438001.87"
"467","A19","15-Jan-04","400779.33"
"469","A21","3-Jan-04","277454.20"
"471","A23","25-Jan-04","58334.84"
"472","A24","17-Jan-05","119424.80"
"473","A25","23-Feb-05","412293.04"
"474","A26","1-Feb-05","70005.51"
"475","A27","5-Feb-04","341428.78"
"476","A28","28-Feb-05","486378.35"
"477","A29","16-Feb-05","437452.00"
"478","A30","23-Feb-05","295979.88"
"479","A12","3-Feb-05","76174.28"
"480","A13","4-Feb-06","260731.13"
"482","A15","31-Mar-06","468191.72"
"483","A16","23-Mar-06","482716.53"
"484","A17","19-Mar-04","174913.14"
"485","A18","5-Mar-06","395099.57"
"486","A19","4-Apr-05","359325.92"
"487","A20","30-Apr-06","247158.74"
"488","A21","25-Apr-04","212290.20"
"489","A22","19-Apr-06","359058.25"
"490","A23","6-Apr-04","173813.39"
"491","A24","27-Apr-05","270104.98"
"492","A25","5-May-04","295730.61"
"493","A26","6-May-06","256021.25"
"494","A27","7-May-05","315096.84"
"495","A28","8-May-06","200905.09"
"496","A29","9-May-05","58512.79"
"497","A30","10-May-06","158716.89"
"498","A12","11-Jul-06","173965.21"
"499","A13","12-Aug-05","484705.66"
"500","A14","5-May-04","369769.95"
"501","A15","6-May-06","66867.25"
"502","A16","7-May-05","322403.42"
"503","A17","8-May-06","358159.33"
"504","A18","9-May-05","223988.36"
"505","A19","10-May-06","376960.33"
"506","A20","11-Jul-06","311456.53"
"507","A21","12-Aug-05","229244.50"
"508","A22","13-Sep-04","413847.08"
"510","A24","21-Nov-06","293906.39"
"511","A25","22-Nov-05","75660.68"
"512","A26","23-Nov-04","496338.31"
"513","A27","24-May-05","452918.16"
"514","A28","25-May-05","268133.98"
"515","A29","26-May-05","360183.47"
"516","A30","27-May-05","203286.08"
"517","A12","28-May-05","460337.84"
"518","A13","29-May-05","66308.95"
"520","A15","31-May-05","141898.11"
"521","A16","1-Jun-05","131664.54"
"522","A17","2-Jun-05","191097.38"
"523","A18","3-Jun-05","114021.22"
"524","A19","3-Jul-05","272845.84"
"525","A20","3-Aug-05","185852.91"
"526","A21","3-Sep-05","440036.49"
"527","A22","3-Oct-05","252242.89"
"528","A23","3-Nov-05","340076.48"
"529","A24","3-Dec-05","234532.76"
"531","A26","3-Feb-06","257878.78"
"532","A27","3-Mar-06","420366.61"
"533","A28","3-Apr-06","312467.17"
"534","A29","3-May-06","441603.13"
"536","A12","3-Jul-06","228940.66"
"538","A14","3-Sep-06","350316.51"
"539","A15","3-Oct-06","283991.31"
"540","A16","3-Nov-06","421366.14"
"542","A18","12-Jan-04","421511.75"
"543","A19","3-Jan-04","492482.85"
"544","A20","15-Jan-04","441299.76"
"545","A21","25-Jan-04","145898.25"
"546","A22","17-Jan-05","491841.36"
"547","A23","23-Feb-05","60577.15"
"548","A24","1-Feb-05","97314.99"
"549","A25","5-Feb-04","180779.68"
"551","A27","16-Feb-05","263808.90"
"552","A28","23-Feb-05","190729.32"
"553","A29","3-Feb-05","315602.38"
"555","A12","25-Mar-06","301847.94"
"556","A13","31-Mar-06","413997.65"
"558","A15","24-Mar-06","343507.30"
"559","A16","25-Mar-06","382691.73"
"560","A17","26-Mar-06","136604.31"
"561","A18","27-Mar-06","259080.14"
"562","A19","28-Mar-06","90958.65"
"563","A20","29-Mar-06","192389.99"
"565","A22","31-Mar-06","127219.39"
"566","A23","1-Apr-06","95313.23"
"567","A24","2-Apr-06","421003.11"
"568","A25","3-Apr-06","167334.45"
"569","A26","4-Apr-06","136830.54"
"570","A27","12-Jan-04","416770.15"
"571","A28","3-Jan-04","229024.43"
"572","A29","15-Jan-04","306223.41"
"573","A30","25-Jan-04","55063.33"
"575","A13","3-Jan-04","113094.14"
"576","A14","15-Jan-04","225565.83"
"577","A15","25-Jan-04","148800.07"
"578","A16","12-Jan-04","404368.63"
"579","A17","3-Jan-04","252148.52"
"580","A18","15-Jan-04","192755.99"
"581","A19","25-Jan-04","82373.38"
"582","A20","12-Jan-04","496732.73"
"583","A21","3-Jan-04","336766.01"
"584","A22","15-Jan-04","147929.00"
"585","A23","12-Jan-04","108678.62"
"586","A24","3-Jan-04","363083.83"
"587","A25","15-Jan-04","103984.63"
"588","A26","25-Jan-04","75088.21"
"589","A27","17-Jan-05","416983.85"
"590","A28","23-Feb-05","143793.46"
"591","A29","1-Feb-05","202117.44"
"592","A30","5-Feb-04","463060.75"
"593","A12","28-Feb-05","178774.10"
"594","A13","16-Feb-05","300264.25"
"596","A15","3-Feb-05","97470.57"
"597","A16","4-Feb-06","269809.60"
"598","A17","25-Mar-06","103171.01"
"600","A19","23-Mar-06","444641.22"
"601","A20","19-Mar-04","489900.56"
"603","A22","4-Apr-05","203496.42"
"604","A23","30-Apr-06","465142.16"
"605","A24","25-Apr-04","265058.60"
"606","A25","19-Apr-06","293205.53"
"607","A26","6-Apr-04","102965.79"
"608","A27","27-Apr-05","301213.69"
"609","A28","5-May-04","420081.37"
"610","A29","6-May-06","102327.15"
"611","A30","7-May-05","486647.41"
"612","A21","8-May-06","218656.86"
"613","A22","9-May-05","458680.54"
"614","A23","10-May-06","99437.17"
"615","A24","11-Jul-06","296181.26"
"616","A25","12-Aug-05","107234.03"
"617","A26","5-May-04","194116.74"
"618","A27","6-May-06","119163.14"
"620","A29","8-May-06","482334.54"
"621","A30","9-May-05","177051.58"
"622","A31","10-May-06","341964.14"
"623","A32","11-Jul-06","136536.29"
"625","A34","13-Sep-04","357130.96"
"626","A35","20-Nov-05","416010.08"
"627","A36","21-Nov-06","256688.86"
"628","A37","22-Nov-05","191622.61"
"629","A38","23-Nov-04","291568.19"
"630","A39","24-May-05","168089.48"
"631","A40","25-May-05","347225.38"
"632","A41","26-May-05","203322.97"
"633","A42","27-May-05","264212.21"
"634","A43","28-May-05","117273.97"
"635","A44","29-May-05","295282.93"
"636","A45","30-May-05","202212.17"
"637","A46","31-May-05","436762.63"
"638","A47","1-Jun-05","85964.36"
"639","A48","2-Jun-05","338554.46"
"640","A49","3-Jun-05","229856.10"
"641","A21","3-Jul-05","174090.36"
"642","A22","3-Aug-05","358473.24"
"643","A23","3-Sep-05","51006.31"
"644","A24","3-Oct-05","336081.00"
"645","A25","3-Nov-05","119408.97"
"646","A26","3-Dec-05","198693.47"
"648","A28","3-Feb-06","438099.24"
"649","A29","3-Mar-06","151006.84"
"651","A31","3-May-06","330261.13"
"653","A33","3-Jul-06","233334.27"
"654","A34","3-Aug-06","207601.69"
"655","A35","3-Sep-06","109240.17"
"657","A37","3-Nov-06","234371.76"
"658","A38","3-Dec-06","201224.42"
"659","A39","12-Jan-04","494071.34"
"660","A40","3-Jan-04","131254.29"
"661","A41","15-Jan-04","472627.73"
"662","A42","25-Jan-04","63045.49"
"663","A43","17-Jan-05","351363.23"
"665","A45","1-Feb-05","417549.44"
"666","A46","5-Feb-04","84589.83"
"667","A47","28-Feb-05","415037.49"
"668","A48","16-Feb-05","457454.85"
"670","A21","3-Feb-05","193926.77"
"671","A22","4-Feb-06","370297.02"
"672","A23","25-Mar-06","420420.35"
"673","A24","31-Mar-06","167007.28"
"674","A25","23-Mar-06","380603.39"
"675","A26","24-Mar-06","481341.81"
"676","A27","25-Mar-06","281849.03"
"677","A28","26-Mar-06","484113.79"
"678","A29","27-Mar-06","295703.24"
"679","A30","28-Mar-06","266613.74"
"680","A31","29-Mar-06","490779.98"
"681","A32","30-Mar-06","300214.64"
"682","A33","31-Mar-06","404004.06"
"683","A34","1-Apr-06","159405.71"
"684","A35","2-Apr-06","215864.28"
"685","A36","3-Apr-06","364333.39"
"686","A37","4-Apr-06","190188.65"
"687","A38","12-Jan-04","267532.19"
"688","A39","3-Jan-04","116707.91"
"689","A40","15-Jan-04","416440.51"
"690","A41","25-Jan-04","339737.76"
"691","A42","12-Jan-04","179150.92"
"692","A43","3-Jan-04","156552.44"
"693","A44","15-Jan-04","160201.08"
"694","A45","25-Jan-04","57760.98"
"695","A46","12-Jan-04","128618.49"
"697","A48","15-Jan-04","381091.87"
"698","A49","25-Jan-04","150225.87"
"699","A21","12-Jan-04","455028.89"
"700","A22","3-Jan-04","422716.93"
"701","A23","15-Jan-04","238864.43"
"702","A24","12-Jan-04","401137.82"
"703","A25","3-Jan-04","228053.75"
"704","A26","15-Jan-04","405900.55"
"705","A27","25-Jan-04","54855.52"
"706","A28","17-Jan-05","260066.61"
"707","A29","23-Feb-05","334841.22"
"708","A30","1-Feb-05","391397.74"
"709","A31","5-Feb-04","124198.32"
"710","A32","28-Feb-05","344517.94"
"711","A33","16-Feb-05","152675.56"
"714","A36","4-Feb-06","171472.40"
"715","A37","25-Mar-06","499344.94"
"717","A39","23-Mar-06","84237.17"
"718","A40","19-Mar-04","449060.92"
"719","A41","5-Mar-06","263495.09"
"720","A42","4-Apr-05","252036.60"
"721","A43","30-Apr-06","98224.22"
"722","A44","25-Apr-04","66678.65"
"723","A45","19-Apr-06","496519.66"
"724","A46","6-Apr-04","479354.81"
"725","A47","27-Apr-05","221609.76"
"726","A48","5-May-04","159747.76"
"727","A49","6-May-06","423933.62"
"728","A21","7-May-05","252487.85"
"729","A22","8-May-06","497163.53"
"730","A23","9-May-05","149710.71"
"731","A24","10-May-06","378500.70"
"732","A25","11-Jul-06","97198.61"
"733","A26","12-Aug-05","107207.28"
"734","A27","5-May-04","78726.43"
"735","A28","6-May-06","231553.10"
"736","A29","7-May-05","225241.19"
"737","A30","8-May-06","462302.98"
"739","A32","10-May-06","181465.01"
"740","A33","11-Jul-06","431736.43"
"742","A35","13-Sep-04","341349.54"
"743","A36","20-Nov-05","374940.42"
"744","A37","21-Nov-06","439443.20"
"745","A38","22-Nov-05","291899.66"
"746","A39","23-Nov-04","227648.55"
"748","A41","25-May-05","218450.97"
"749","A42","26-May-05","235161.23"
"750","A43","27-May-05","299022.73"
"751","A44","28-May-05","424716.62"
"752","A45","29-May-05","96137.17"
"753","A46","30-May-05","107831.52"
"754","A47","31-May-05","419779.72"
"755","A48","1-Jun-05","470948.27"
"756","A49","2-Jun-05","392247.64"
"757","A21","3-Jun-05","486610.16"
"758","A22","3-Jul-05","326352.35"
"759","A23","3-Aug-05","141627.27"
"760","A24","3-Sep-05","91333.61"
"761","A25","3-Oct-05","79598.85"
"762","A26","3-Nov-05","230338.06"
"763","A27","3-Dec-05","95633.07"
"764","A28","3-Jan-06","320582.18"
"765","A29","3-Feb-06","368324.27"
"766","A30","3-Mar-06","491672.78"
"767","A31","3-Apr-06","224749.12"
"768","A32","3-May-06","332128.40"
"769","A33","3-Jun-06","61663.31"
"770","A34","3-Jul-06","412975.53"
"772","A36","3-Sep-06","370227.37"
"773","A37","3-Oct-06","261453.60"
"774","A38","3-Nov-06","133395.41"
"775","A39","3-Dec-06","136117.10"
"776","A40","12-Jan-04","93199.57"
"777","A41","3-Jan-04","427394.44"
"778","A42","15-Jan-04","193358.68"
"779","A43","25-Jan-04","404037.24"
"780","A44","17-Jan-05","389199.05"
"781","A45","23-Feb-05","457683.60"
"782","A46","1-Feb-05","447790.88"
"783","A47","5-Feb-04","79890.74"
"784","A48","28-Feb-05","85383.94"
"785","A49","16-Feb-05","302288.14"
"786","A21","23-Feb-05","384602.06"
"787","A22","3-Feb-05","466747.74"
"788","A23","4-Feb-06","88559.15"
"790","A25","31-Mar-06","412885.52"
"791","A26","23-Mar-06","407922.17"
"792","A27","24-Mar-06","440311.09"
"793","A28","25-Mar-06","392687.17"
"794","A29","26-Mar-06","188041.56"
"795","A30","27-Mar-06","212196.52"
"796","A31","28-Mar-06","303562.61"
"798","A33","30-Mar-06","388441.91"
"800","A35","1-Apr-06","465920.05"
"801","A36","2-Apr-06","227890.16"
"802","A37","3-Apr-06","90265.60"
"803","A38","4-Apr-06","285013.39"
"804","A39","12-Jan-04","350733.75"
"805","A40","3-Jan-04","406899.63"
"806","A41","15-Jan-04","363212.28"
"807","A42","25-Jan-04","172758.84"
"808","A43","12-Jan-04","463183.33"
"809","A44","3-Jan-04","142562.11"
"810","A45","15-Jan-04","57789.33"
"811","A46","25-Jan-04","415971.41"
"812","A47","12-Jan-04","199147.22"
"813","A48","3-Jan-04","295238.01"
"814","A49","15-Jan-04","477431.69"
"816","A22","12-Jan-04","306358.67"
"817","A23","3-Jan-04","126415.15"
"818","A24","15-Jan-04","355564.94"
"819","A25","12-Jan-04","181576.50"
"820","A26","3-Jan-04","292867.83"
"821","A27","15-Jan-04","490914.15"
"822","A28","25-Jan-04","59994.38"
"823","A29","17-Jan-05","418608.37"
"824","A30","23-Feb-05","493430.26"
"826","A32","5-Feb-04","463114.56"
"827","A33","28-Feb-05","475280.97"
"828","A34","16-Feb-05","353883.82"
"829","A35","23-Feb-05","460680.56"
"830","A36","3-Feb-05","108422.80"
"831","A37","4-Feb-06","239005.46"
"832","A38","25-Mar-06","248684.98"
"833","A39","31-Mar-06","308195.76"
"834","A40","23-Mar-06","337823.72"
"835","A41","19-Mar-04","465141.06"
"836","A42","5-Mar-06","215361.30"
"837","A43","4-Apr-05","438606.93"
"838","A44","30-Apr-06","426587.89"
"839","A45","25-Apr-04","101835.46"
"840","A46","19-Apr-06","418880.89"
"841","A47","6-Apr-04","164009.61"
"842","A48","27-Apr-05","370687.55"
"843","A49","5-May-04","61077.47"
"844","A21","6-May-06","254396.63"
"845","A22","7-May-05","287072.19"
"846","A23","8-May-06","284087.68"
"847","A24","9-May-05","102219.80"
"849","A26","11-Jul-06","210609.37"
"850","A27","12-Aug-05","467152.77"
"852","A29","6-May-06","397962.92"
"853","A30","7-May-05","193299.14"
"854","A31","8-May-06","312593.38"
"855","A32","9-May-05","195384.61"
"856","A33","10-May-06","439496.08"
"857","A34","11-Jul-06","326378.10"
"858","A35","12-Aug-05","458103.82"
"859","A36","13-Sep-04","256934.95"
"860","A37","20-Nov-05","415835.54"
"861","A38","21-Nov-06","327834.45"
"862","A39","22-Nov-05","136498.52"
"864","A41","24-May-05","84179.86"
"865","A42","25-May-05","174805.23"
"866","A43","26-May-05","329913.66"
"867","A44","27-May-05","191027.72"
"868","A45","28-May-05","438013.02"
"869","A46","29-May-05","216548.12"
"870","A47","30-May-05","322633.95"
"871","A48","31-May-05","345003.02"
"872","A49","1-Jun-05","482088.13"
"873","A21","2-Jun-05","238257.56"
"874","A22","3-Jun-05","166362.04"
"875","A23","3-Jul-05","203389.96"
"876","A24","3-Aug-05","395880.72"
"877","A25","3-Sep-05","90216.00"
"878","A26","3-Oct-05","120080.79"
"879","A27","3-Nov-05","430278.54"
"880","A28","3-Dec-05","323231.12"
"881","A29","3-Jan-06","80511.20"
"882","A30","3-Feb-06","243401.19"
"883","A31","3-Mar-06","392464.84"
"884","A32","3-Apr-06","119988.57"
"885","A33","3-May-06","342786.75"
"886","A34","3-Jun-06","158316.34"
"887","A35","3-Jul-06","457997.84"
"889","A37","3-Sep-06","112081.16"
"890","A38","3-Oct-06","86343.42"
"891","A39","3-Nov-06","358871.18"
"892","A40","3-Dec-06","349713.07"
"893","A41","12-Jan-04","149790.90"
"894","A42","3-Jan-04","204382.68"
"895","A43","15-Jan-04","117624.87"
"896","A44","25-Jan-04","66425.35"
"897","A45","17-Jan-05","228547.78"
"899","A47","1-Feb-05","422013.62"
"900","A48","5-Feb-04","294439.88"
"901","A49","28-Feb-05","71022.86"
"903","A22","23-Feb-05","402990.62"
"905","A24","4-Feb-06","404104.02"
"906","A25","25-Mar-06","399392.31"
"907","A26","31-Mar-06","111176.73"
"908","A27","23-Mar-06","194559.97"
"909","A28","24-Mar-06","384651.52"
"910","A29","25-Mar-06","315093.76"
"911","A30","26-Mar-06","138555.25"
"912","A31","27-Mar-06","55215.45"
"913","A32","28-Mar-06","301861.37"
"914","A33","29-Mar-06","328257.96"
"915","A34","30-Mar-06","56654.20"
"916","A35","31-Mar-06","471746.74"
"917","A36","1-Apr-06","267733.79"
"918","A37","2-Apr-06","302098.17"
"919","A38","3-Apr-06","468720.54"
"920","A39","4-Apr-06","299067.43"
"921","A40","12-Jan-04","134485.63"
"922","A41","3-Jan-04","296358.21"
"923","A42","15-Jan-04","161906.62"
"924","A43","25-Jan-04","338658.73"
"925","A44","12-Jan-04","103151.21"
"926","A45","3-Jan-04","179756.39"
"927","A46","15-Jan-04","277429.17"
"928","A47","25-Jan-04","222105.34"
"929","A48","12-Jan-04","296934.64"
"930","A49","3-Jan-04","121356.89"
"931","A21","15-Jan-04","53734.23"
"932","A22","25-Jan-04","483934.18"
"933","A23","12-Jan-04","404934.26"
"935","A25","15-Jan-04","424545.93"
"936","A26","12-Jan-04","367548.56"
"937","A27","3-Jan-04","317763.12"
"938","A28","15-Jan-04","139021.32"
"940","A30","17-Jan-05","342555.32"
"941","A31","23-Feb-05","321515.92"
"943","A33","5-Feb-04","382097.51"
"944","A34","28-Feb-05","194770.51"
"945","A35","16-Feb-05","228480.70"
"947","A37","3-Feb-05","423625.14"
"948","A38","4-Feb-06","279274.00"
"949","A39","25-Mar-06","282014.90"
"950","A40","31-Mar-06","465872.25"
"952","A42","19-Mar-04","196318.18"
"953","A43","5-Mar-06","101746.72"
"954","A44","4-Apr-05","89550.74"
"955","A45","30-Apr-06","418891.86"
"956","A46","25-Apr-04","454279.17"
"957","A47","19-Apr-06","465503.82"
"958","A48","6-Apr-04","75789.96"
"959","A49","27-Apr-05","435564.82"
"960","A21","5-May-04","212026.76"
"961","A22","6-May-06","128466.26"
"962","A23","7-May-05","136938.78"
"964","A25","9-May-05","161906.37"
"966","A27","11-Jul-06","450349.66"
"967","A28","12-Aug-05","95564.00"
"968","A29","5-May-04","74815.83"
"970","A31","7-May-05","178430.61"
"971","A32","8-May-06","443322.45"
"972","A33","9-May-05","155589.98"
"973","A34","10-May-06","308010.81"
"974","A35","11-Jul-06","412538.06"
"975","A36","12-Aug-05","313948.40"
"976","A37","13-Sep-04","416225.47"
"977","A38","20-Nov-05","357702.38"
"978","A39","21-Nov-06","384311.42"
"979","A40","22-Nov-05","481736.79"
"981","A42","24-May-05","218088.31"
"982","A43","25-May-05","309647.52"
"983","A44","26-May-05","300323.57"
"984","A45","27-May-05","228549.29"
"985","A46","28-May-05","158685.80"
"986","A47","29-May-05","345801.84"
"987","A48","30-May-05","406645.98"
"988","A49","31-May-05","277304.06"
"989","A36","1-Jun-05","290204.98"
"990","A37","2-Jun-05","375407.24"
"991","A38","3-Jun-05","203197.01"
"992","A39","3-Jul-05","333629.51"
"993","A40","3-Aug-05","162088.64"
"994","A41","3-Sep-05","430357.18"
"995","A42","3-Oct-05","143127.43"
"996","A43","3-Nov-05","358721.01"
"997","A44","3-Dec-05","476157.35"
"998","A45","3-Jan-06","223942.66"
"999","A46","3-Feb-06","100631.71"
"1000","A47","3-Mar-06","105314.89"
"1002","A49","3-May-06","322330.21"
"1003","A50","3-Jun-06","352473.76"
"1005","A52","3-Aug-06","238407.23"
"1006","A53","3-Sep-06","398869.21"
"1007","A54","3-Oct-06","142954.17"
"1008","A55","3-Nov-06","99262.43"
"1009","A56","3-Dec-06","443880.45"
"1010","A57","12-Jan-04","419293.65"
"1011","A58","3-Jan-04","362467.21"
"1012","A59","15-Jan-04","487209.21"
"1013","A60","25-Jan-04","149751.18"
"1014","A61","17-Jan-05","336470.57"
"1015","A60","23-Feb-05","426870.69"
"1016","A61","1-Feb-05","319525.48"
"1017","A62","5-Feb-04","128710.34"
"1018","A36","28-Feb-05","106495.24"
"1019","A37","16-Feb-05","431645.34"
"1020","A38","23-Feb-05","155832.23"
"1021","A39","3-Feb-05","166897.87"
"1022","A40","4-Feb-06","324868.24"
"1023","A41","25-Mar-06","103506.81"
"1024","A42","31-Mar-06","260025.29"
"1026","A44","24-Mar-06","433223.59"
"1027","A45","25-Mar-06","408920.87"
"1028","A46","26-Mar-06","389163.88"
"1029","A47","27-Mar-06","170581.81"
"1030","A48","28-Mar-06","161683.66"
"1031","A49","29-Mar-06","430471.99"
"1032","A50","30-Mar-06","194691.78"
"1034","A52","1-Apr-06","370123.69"
"1035","A53","2-Apr-06","366043.98"
"1036","A54","3-Apr-06","83599.33"
"1037","A55","4-Apr-06","327138.40"
"1038","A56","12-Jan-04","129018.40"
"1039","A57","3-Jan-04","473547.12"
"1040","A58","15-Jan-04","59838.29"
"1041","A59","25-Jan-04","195844.58"
"1042","A60","12-Jan-04","296377.10"
"1043","A61","3-Jan-04","267753.15"
"1044","A60","15-Jan-04","423465.14"
"1045","A61","25-Jan-04","50704.18"
"1046","A62","12-Jan-04","270745.08"
"1048","A37","15-Jan-04","99462.97"
"1050","A39","12-Jan-04","160617.39"
"1051","A40","3-Jan-04","325446.07"
"1052","A41","15-Jan-04","472718.03"
"1053","A42","12-Jan-04","291093.26"
"1054","A43","3-Jan-04","327758.87"
"1055","A44","15-Jan-04","442509.11"
"1056","A45","25-Jan-04","271127.44"
"1057","A46","17-Jan-05","386136.86"
"1058","A47","23-Feb-05","468482.54"
"1059","A48","1-Feb-05","118807.34"
"1060","A49","5-Feb-04","360129.99"
"1061","A50","28-Feb-05","284984.05"
"1062","A51","16-Feb-05","439914.13"
"1064","A53","3-Feb-05","234067.75"
"1065","A54","4-Feb-06","323101.27"
"1066","A55","25-Mar-06","285539.05"
"1067","A56","31-Mar-06","457523.39"
"1068","A57","23-Mar-06","366406.90"
"1069","A58","19-Mar-04","304693.85"
"1070","A59","5-Mar-06","180556.07"
"1073","A60","25-Apr-04","161685.02"
"1074","A61","19-Apr-06","294622.82"
"1075","A62","6-Apr-04","197588.98"
"1076","A36","27-Apr-05","246803.62"
"1077","A37","5-May-04","247533.48"
"1078","A38","6-May-06","420208.37"
"1079","A39","7-May-05","258819.73"
"1080","A40","8-May-06","428659.27"
"1081","A41","9-May-05","292126.47"
"1083","A43","11-Jul-06","170642.32"
"1084","A44","12-Aug-05","292050.82"
"1085","A45","5-May-04","483513.92"
"1086","A46","6-May-06","111163.38"
"1087","A47","7-May-05","108172.72"
"1088","A48","8-May-06","208086.69"
"1089","A49","9-May-05","429354.63"
"1090","A50","10-May-06","172176.88"
"1092","A52","12-Aug-05","289487.45"
"1093","A53","13-Sep-04","414898.09"
"1094","A54","20-Nov-05","197851.36"
"1096","A56","22-Nov-05","315751.03"
"1097","A57","23-Nov-04","51232.59"
"1098","A58","24-May-05","277718.57"
"1100","A60","26-May-05","345410.49"
"1101","A61","27-May-05","321035.97"
"1103","A61","29-May-05","139037.78"
"1104","A62","30-May-05","227217.92"
"1105","A36","31-May-05","122960.55"
"1106","A37","1-Jun-05","384928.07"
"1107","A38","2-Jun-05","284917.58"
"1108","A39","3-Jun-05","331467.35"
"1109","A40","3-Jul-05","304270.44"
"1110","A41","3-Aug-05","190057.84"
"1111","A42","3-Sep-05","298821.02"
"1112","A43","3-Oct-05","326908.22"
"1113","A44","3-Nov-05","57724.77"
"1114","A45","3-Dec-05","260353.71"
"1115","A46","3-Jan-06","319323.31"
"1116","A47","3-Feb-06","356148.83"
"1117","A48","3-Mar-06","90319.40"
"1118","A49","3-Apr-06","340318.07"
"1119","A50","3-May-06","210221.98"
"1120","A51","3-Jun-06","131169.91"
"1121","A52","3-Jul-06","224665.55"
"1123","A54","3-Sep-06","245305.45"
"1124","A55","3-Oct-06","151774.70"
"1125","A56","3-Nov-06","70304.57"
"1126","A57","3-Dec-06","282263.06"
"1127","A58","12-Jan-04","377727.96"
"1128","A59","3-Jan-04","409174.69"
"1129","A60","15-Jan-04","462176.14"
"1130","A61","25-Jan-04","383315.12"
"1131","A60","17-Jan-05","165421.93"
"1132","A61","23-Feb-05","466394.67"
"1133","A62","1-Feb-05","496662.77"
"1134","A36","5-Feb-04","81492.57"
"1136","A38","16-Feb-05","60363.29"
"1137","A39","23-Feb-05","415094.06"
"1138","A40","3-Feb-05","79113.53"
"1139","A41","4-Feb-06","426632.81"
"1141","A43","31-Mar-06","349145.19"
"1142","A44","23-Mar-06","132092.09"
"1143","A45","24-Mar-06","104592.75"
"1144","A46","25-Mar-06","253398.09"
"1145","A47","26-Mar-06","492785.67"
"1146","A48","27-Mar-06","164153.20"
"1147","A49","28-Mar-06","226780.42"
"1149","A51","30-Mar-06","238903.97"
"1150","A52","31-Mar-06","260260.33"
"1151","A53","1-Apr-06","149485.22"
"1152","A54","2-Apr-06","322715.77"
"1153","A55","3-Apr-06","429089.34"
"1154","A56","4-Apr-06","366344.20"
"1155","A57","12-Jan-04","331551.02"
"1156","A58","3-Jan-04","176385.37"
"1157","A59","15-Jan-04","349259.21"
"1158","A60","25-Jan-04","182293.21"
"1159","A61","12-Jan-04","301807.54"
"1160","A60","3-Jan-04","160288.82"
"1161","A61","15-Jan-04","303692.57"
"1162","A62","25-Jan-04","317899.85"
"1163","A36","12-Jan-04","494638.45"
"1164","A37","3-Jan-04","107253.78"
"1165","A38","15-Jan-04","312309.57"
"1166","A39","25-Jan-04","292273.88"
"1167","A40","12-Jan-04","350966.46"
"1168","A41","3-Jan-04","376903.74"
"1169","A42","15-Jan-04","347805.98"
"1170","A43","12-Jan-04","217450.86"
"1171","A44","3-Jan-04","224646.67"
"1172","A45","15-Jan-04","401728.92"
"1173","A46","25-Jan-04","229289.26"
"1174","A47","17-Jan-05","450851.96"
"1175","A48","23-Feb-05","231176.58"
"1176","A49","1-Feb-05","153704.91"
"1178","A51","28-Feb-05","106383.67"
"1179","A52","16-Feb-05","109274.07"
"1182","A55","4-Feb-06","241514.47"
"1183","A56","25-Mar-06","363672.67"
"1184","A57","31-Mar-06","354957.66"
"1185","A58","23-Mar-06","226462.49"
"1186","A59","19-Mar-04","222355.36"
"1187","A60","5-Mar-06","108206.26"
"1189","A60","30-Apr-06","430812.95"
"1190","A61","25-Apr-04","353682.96"
"1191","A62","19-Apr-06","358989.64"
"1193","A37","27-Apr-05","71602.70"
"1194","A38","5-May-04","98551.40"
"1195","A39","6-May-06","289826.99"
"1196","A40","7-May-05","219167.58"
"1197","A41","8-May-06","494209.23"
"1198","A42","9-May-05","229297.90"
"1199","A43","10-May-06","368717.18"
"1200","A44","11-Jul-06","361375.78"
"1201","A45","12-Aug-05","262754.55"
"1203","A47","23-Feb-05","184357.08"
"1204","A48","1-Feb-05","154746.62"
"1205","A49","5-Feb-04","278446.09"
"1206","A50","28-Feb-05","69518.95"
"1207","A51","16-Feb-05","299918.15"
"1208","A52","23-Feb-05","243407.35"
"1209","A53","3-Feb-05","264068.29"
"1210","A54","4-Feb-06","373264.91"
"1211","A55","25-Mar-06","469265.96"
"1212","A56","31-Mar-06","232229.80"
"1214","A58","19-Mar-04","218305.46"
"1215","A59","5-Mar-06","218720.83"
"1216","A60","4-Apr-05","195590.09"
"1217","A61","30-Apr-06","177525.34"
"1218","A60","25-Apr-04","331218.68"
"1219","A61","19-Apr-06","102733.91"
"1220","A62","6-Apr-04","488506.32"
"1221","A36","27-Apr-05","169299.17"
"1222","A37","5-May-04","150921.89"
"1223","A38","6-May-06","331885.74"
"1224","A39","7-May-05","248595.13"
"1225","A40","8-May-06","495987.10"
"1226","A41","9-May-05","196302.27"
"1227","A42","10-May-06","285432.79"
"1228","A43","11-Jul-06","127468.20"
"1229","A44","12-Aug-05","281157.54"
"1230","A45","13-Sep-04","116770.11"
"1231","A46","20-Nov-05","129690.87"
"1232","A47","21-Nov-06","209539.82"
"1233","A48","22-Nov-05","445928.70"
"1234","A49","23-Nov-04","160964.15"
"1235","A50","24-May-05","276972.05"
"1236","A51","25-May-05","479889.28"
"1237","A52","26-May-05","408874.72"
"1238","A53","27-May-05","140801.20"
"1239","A54","28-May-05","221351.84"
"1240","A55","29-May-05","77368.99"
"1241","A56","30-May-05","284477.85"
"1242","A57","31-May-05","330030.91"
"1243","A58","1-Jun-05","370792.31"
"1245","A60","3-Jun-05","51389.45"
"1246","A61","3-Jul-05","230477.26"
"1247","A60","3-Aug-05","316451.49"
"1248","A61","3-Sep-05","365001.95"
"1249","A62","3-Oct-05","326229.43"
"1250","A36","3-Nov-05","458347.27"
"1251","A37","3-Dec-05","444562.80"
"1252","A38","3-Jan-06","62466.40"
"1253","A39","3-Feb-06","81087.01"
"1254","A40","3-Mar-06","445597.42"
"1255","A41","3-Apr-06","441063.71"
"1256","A42","3-May-06","347370.80"
"1257","A43","3-Jun-06","420480.51"
"1259","A45","3-Aug-06","192079.79"
"1260","A46","3-Sep-06","53219.25"
"1261","A47","3-Oct-06","218986.48"
"1262","A48","3-Nov-06","419416.68"
"1263","A49","3-Dec-06","154390.37"
"1264","A50","12-Jan-04","321916.56"
"1265","A51","3-Jan-04","69397.97"
"1266","A52","15-Jan-04","404922.85"
"1267","A53","25-Jan-04","81548.47"
"1268","A54","17-Jan-05","300908.55"
"1269","A55","23-Feb-05","387677.58"
"1270","A56","1-Feb-05","486354.95"
"1271","A57","5-Feb-04","94549.90"
"1272","A58","28-Feb-05","245106.96"
"1273","A59","16-Feb-05","470960.28"
"1274","A60","23-Feb-05","318539.59"
"1275","A61","3-Feb-05","171999.87"
"1276","A60","4-Feb-06","406995.58"
"1277","A61","25-Mar-06","149290.50"
"1278","A62","31-Mar-06","234889.24"
"1279","A36","23-Mar-06","122252.62"
"1280","A37","24-Mar-06","146967.84"
"1281","A38","25-Mar-06","72349.37"
"1282","A39","26-Mar-06","364874.85"
"1283","A40","27-Mar-06","441003.46"
"1284","A41","28-Mar-06","212603.60"
"1285","A42","29-Mar-06","320594.39"
"1286","A43","30-Mar-06","372535.49"
"1287","A44","31-Mar-06","304870.28"
"1288","A45","1-Apr-06","160215.44"
"1289","A46","2-Apr-06","350864.16"
"1290","A47","3-Apr-06","99690.23"
"1291","A48","4-Apr-06","76770.96"
"1292","A49","12-Jan-04","299345.01"
"1294","A51","15-Jan-04","90563.31"
"1295","A52","25-Jan-04","182284.44"
"1296","A53","12-Jan-04","229833.00"
"1297","A54","3-Jan-04","206793.31"
"1298","A55","15-Jan-04","193766.79"
"1299","A56","25-Jan-04","225792.76"
"1300","A57","12-Jan-04","148440.21"
"1301","A58","3-Jan-04","224730.32"
"1302","A59","15-Jan-04","165158.38"
"1303","A60","25-Jan-04","213278.36"
"1305","A60","3-Jan-04","97849.10"
"1306","A61","15-Jan-04","224523.48"
"1307","A62","12-Jan-04","266240.18"
"1308","A36","3-Jan-04","246358.87"
"1309","A37","15-Jan-04","259997.08"
"1310","A38","25-Jan-04","77961.42"
"1311","A39","17-Jan-05","365171.95"
"1312","A40","23-Feb-05","268825.89"
"1313","A41","1-Feb-05","334706.12"
"1315","A43","28-Feb-05","84496.23"
"1316","A44","16-Feb-05","433690.51"
"1317","A45","23-Feb-05","185340.43"
"1318","A46","3-Feb-05","165401.68"
"1319","A47","4-Feb-06","454932.98"
"1320","A48","25-Mar-06","474001.43"
"1321","A49","31-Mar-06","294519.30"
"1322","A50","23-Mar-06","416056.53"
"1323","A51","19-Mar-04","302975.50"
"1324","A52","5-Mar-06","323338.87"
"1325","A53","4-Apr-05","144251.72"
"1326","A54","30-Apr-06","407409.88"
"1328","A56","19-Apr-06","493029.55"
"1329","A57","6-Apr-04","163775.48"
"1331","A59","5-May-04","131796.72"
"1332","A60","6-May-06","128688.20"
"1333","A61","7-May-05","130548.12"
"1334","A60","8-May-06","139619.47"
"1335","A61","9-May-05","233684.55"
"1336","A62","10-May-06","125255.49"
"1337","A36","11-Jul-06","188320.61"
"1338","A37","12-Aug-05","330665.41"
"1339","A38","13-Sep-04","423788.02"
"1340","A39","20-Nov-05","440151.02"
"1341","A40","21-Nov-06","108020.41"
"1342","A41","22-Nov-05","57821.18"
"1343","A42","23-Nov-04","211810.25"
"1344","A43","24-May-05","322598.78"
"1345","A44","25-May-05","285341.19"
"1346","A45","5-May-04","291580.18"
"1347","A46","6-May-06","425560.05"
"1348","A47","7-May-05","292864.95"
"1349","A48","8-May-06","441733.90"
"1350","A49","9-May-05","65584.83"
"1351","A50","10-May-06","261700.62"
"1352","A51","11-Jul-06","183209.72"
"1353","A52","12-Aug-05","207385.35"
"1354","A53","13-Sep-04","368833.21"
"1355","A54","20-Nov-05","120536.90"
"1356","A55","21-Nov-06","98069.00"
"1357","A56","22-Nov-05","237208.54"
"1358","A57","23-Nov-04","361150.97"
"1360","A59","25-May-05","87222.81"
"1361","A60","26-May-05","399677.84"
"1362","A61","27-May-05","348215.87"
"1363","A60","17-Jan-05","108818.29"
"1364","A61","23-Feb-05","160673.59"
"1365","A62","1-Feb-05","115153.82"
"1366","A36","5-Feb-04","172322.45"
"1367","A37","28-Feb-05","251063.28"
"1368","A38","16-Feb-05","225089.01"
"1369","A39","23-Feb-05","79006.48"
"1370","A40","3-Feb-05","471500.57"
"1371","A41","4-Feb-06","117008.19"
"1372","A42","25-Mar-06","179811.59"
"1373","A43","31-Mar-06","259738.04"
"1375","A45","19-Mar-04","206685.90"
"1376","A46","5-Mar-06","373961.46"
"1377","A47","4-Apr-05","95348.35"
"1378","A48","30-Apr-06","285875.13"
"1379","A49","25-Apr-04","273633.05"
"1380","A50","19-Apr-06","372585.31"
"1381","A51","6-Apr-04","192085.76"
"1382","A52","27-Apr-05","236643.92"
"1383","A53","5-May-04","94186.52"
"1384","A54","6-May-06","77238.69"
"1385","A55","7-May-05","110268.02"
"1386","A56","8-May-06","238669.59"
"1388","A58","10-May-06","235785.09"
"1389","A59","11-Jul-06","139114.28"
"1390","A60","12-Aug-05","200510.04"
"1391","A61","13-Sep-04","463968.85"
"1392","A60","20-Nov-05","109911.57"
"1393","A61","21-Nov-06","59218.12"
"1394","A62","22-Nov-05","462980.70"
"1395","A36","23-Nov-04","294181.40"
"1396","A37","24-May-05","123280.96"
"1397","A38","25-May-05","169243.50"
"1398","A39","26-May-05","83875.62"
"1400","A41","28-May-05","61463.97"
"1401","A42","29-May-05","55872.31"
"1402","A43","30-May-05","366202.10"
"1403","A44","31-May-05","81604.79"
"1404","A45","1-Jun-05","375091.46"
"1406","A47","3-Jun-05","492921.56"
"1407","A48","3-Jul-05","442356.19"
"1409","A50","3-Sep-05","367193.80"
"1410","A51","3-Oct-05","109212.00"
"1411","A52","3-Nov-05","485447.96"
"1412","A53","3-Dec-05","458488.39"
"1415","A56","3-Mar-06","156684.79"
"1416","A57","3-Apr-06","160781.68"
"1417","A58","3-May-06","368674.41"
"1418","A59","3-Jun-06","374431.00"
"1419","A60","3-Jul-06","301638.89"
"1420","A61","3-Aug-06","439891.00"
"1421","A60","3-Sep-06","326409.80"
"1422","A61","3-Oct-06","142271.84"
"1423","A62","3-Nov-06","328067.10"
"1424","A36","3-Dec-06","311014.85"
"1425","A37","12-Jan-04","162229.38"
"1426","A38","3-Jan-04","175729.03"
"1427","A39","15-Jan-04","389068.31"
"1428","A40","25-Jan-04","460540.49"
"1429","A41","17-Jan-05","397982.80"
"1430","A42","23-Feb-05","281906.35"
"1431","A43","1-Feb-05","335876.30"
"1432","A44","5-Feb-04","329739.19"
"1433","A45","28-Feb-05","165474.90"
"1435","A47","23-Feb-05","292406.18"
"1436","A48","3-Feb-05","224201.44"
"1437","A49","4-Feb-06","369559.86"
"1438","A50","25-Mar-06","487274.66"
"1439","A51","31-Mar-06","56050.95"
"1440","A52","23-Mar-06","268702.68"
"1441","A53","24-Mar-06","352693.46"
"1443","A55","26-Mar-06","241371.67"
"1444","A56","27-Mar-06","456291.75"
"1445","A57","28-Mar-06","79654.43"
"1446","A58","29-Mar-06","272190.22"
"1447","A59","30-Mar-06","178713.48"
"1448","A60","31-Mar-06","362498.60"
"1449","A61","1-Apr-06","499136.77"
"1450","A60","2-Apr-06","172131.07"
"1451","A61","3-Apr-06","354490.81"
"1452","A62","4-Apr-06","277662.37"
"1453","A63","12-Jan-04","141361.86"
"1454","A36","3-Jan-04","119769.46"
"1455","A37","15-Jan-04","205771.05"
"1456","A38","25-Jan-04","339102.24"
"1457","A39","12-Jan-04","217380.24"
"1458","A40","3-Jan-04","177066.49"
"1459","A41","15-Jan-04","128032.75"
"1460","A42","25-Jan-04","334230.50"
"1461","A43","12-Jan-04","337499.14"
"1462","A44","3-Jan-04","416843.19"
"1463","A45","15-Jan-04","330102.44"
"1464","A46","25-Jan-04","395197.20"
"1465","A47","12-Jan-04","263090.23"
"1466","A48","3-Jan-04","271408.59"
"1467","A49","15-Jan-04","322997.81"
"1468","A50","12-Jan-04","452548.39"
"1469","A51","3-Jan-04","265086.31"
"1470","A52","15-Jan-04","61370.01"
"1471","A53","25-Jan-04","494327.82"
"1472","A54","17-Jan-05","363912.47"
"1474","A56","1-Feb-05","438997.06"
"1475","A57","5-Feb-04","418331.56"
"1476","A58","28-Feb-05","471988.89"
"1477","A59","16-Feb-05","350609.34"
"1478","A60","23-Feb-05","117176.17"
"1479","A61","3-Feb-05","483835.00"
"1480","A60","4-Feb-06","315397.84"
"1482","A62","31-Mar-06","61482.07"
"1483","A56","23-Mar-06","239945.36"
"1484","A57","19-Mar-04","491491.11"
"1485","A58","5-Mar-06","255751.72"
"1486","A59","4-Apr-05","294069.38"
"1487","A60","30-Apr-06","99971.50"
"1488","A61","25-Apr-04","233737.66"
"1489","A60","19-Apr-06","492340.26"
"1491","A62","27-Apr-05","227455.91"
"1492","A63","5-May-04","308213.77"
"1493","A64","6-May-06","333503.36"
"1494","A65","7-May-05","236963.95"
"1495","A66","8-May-06","419497.94"
"1496","A67","9-May-05","200288.87"
"1497","A68","10-May-06","231194.70"
"1498","A69","11-Jul-06","391195.62"
"1499","A70","12-Aug-05","357629.62"
"1500","A71","13-Sep-04","179771.75"
